insert into users (user_id, username, password, name, email, phone, role) values (1, 'Nevin', 'gE7_(*nT*e#', 'Grevile', 'ngrevile0@oaic.gov.au', '242-969-4499', 'ADMIN');
insert into users (user_id, username, password, name, email, phone, role) values (2, 'Asa', 'vV8+ibm<_am{.', 'Worledge', 'aworledge1@huffingtonpost.com', '619-237-0510', 'USER');
insert into users (user_id, username, password, name, email, phone, role) values (3, 'Van', 'tC0"01J#A', 'Dymocke', 'vdymocke2@washingtonpost.com', '472-111-3863', 'ADMIN');
insert into users (user_id, username, password, name, email, phone, role) values (4, 'Vin', 'cU0|%rO}ZO{A', 'Chasmoor', 'vchasmoor3@ucla.edu', '260-694-7788', 'ADMIN');
insert into users (user_id, username, password, name, email, phone, role) values (5, 'Witty', 'iT2''''qXtu!Z0V)RP', 'Cornforth', 'wcornforth4@quantcast.com', '979-793-2443', 'USER');
insert into users (user_id, username, password, name, email, phone, role) values (6, 'Mitchel', 'hB6`*zQU)A2D', 'Danielski', 'mdanielski5@php.net', '449-849-1168', 'USER');
insert into users (user_id, username, password, name, email, phone, role) values (7, 'Kelley', 'rB2''iogk', 'Scoles', 'kscoles6@dailymail.co.uk', '147-725-3076', 'USER');
insert into users (user_id, username, password, name, email, phone, role) values (8, 'Holly', 'xU2&LBB4./RP1_,|', 'Skatcher', 'hskatcher7@telegraph.co.uk', '877-272-9626', 'USER');
insert into users (user_id, username, password, name, email, phone, role) values (9, 'Karoly', 'xM0`o1Pr', 'Custy', 'kcusty8@slideshare.net', '528-273-4350', 'USER');
insert into users (user_id, username, password, name, email, phone, role) values (10, 'Pincas', 'oU1/{K.KE', 'Guirardin', 'pguirardin9@examiner.com', '211-521-9656', 'ADMIN');
insert into users (user_id, username, password, name, email, phone, role) values (11, 'Aguie', 'uS5}hY,bgf,6', 'Winterbourne', 'awinterbournea@paginegialle.it', '445-464-4187', 'USER');
insert into users (user_id, username, password, name, email, phone, role) values (12, 'Leeland', 'mL6"gMRG}Lz', 'Pirot', 'lpirotb@engadget.com', '412-126-2236', 'ADMIN');
insert into users (user_id, username, password, name, email, phone, role) values (13, 'Dannel', 'kH1%_LVvA4WSX3B{', 'Dwelley', 'ddwelleyc@google.com.hk', '510-798-9201', 'USER');
insert into users (user_id, username, password, name, email, phone, role) values (14, 'Chico', 'zX9=aHZK"3rrCn+T', 'De Courtney', 'cdecourtneyd@weather.com', '602-716-8975', 'ADMIN');
insert into users (user_id, username, password, name, email, phone, role) values (15, 'Eben', 'nV3*q|@cURk', 'Mordaunt', 'emordaunte@chronoengine.com', '194-973-7023', 'USER');
insert into users (user_id, username, password, name, email, phone, role) values (16, 'Faber', 'bS1%Q!.u', 'Winterburn', 'fwinterburnf@vinaora.com', '935-704-8938', 'ADMIN');
insert into users (user_id, username, password, name, email, phone, role) values (17, 'Max', 'yZ7"''s!<sl2', 'Shilliday', 'mshillidayg@cdbaby.com', '337-366-3138', 'USER');
insert into users (user_id, username, password, name, email, phone, role) values (18, 'Tom', 'pI0)Ik8)cw*', 'Kenan', 'tkenanh@bing.com', '578-503-1951', 'USER');
insert into users (user_id, username, password, name, email, phone, role) values (19, 'Fabian', 'zL0/(}pJ)%\~o', 'Astle', 'fastlei@earthlink.net', '709-707-4009', 'USER');
insert into users (user_id, username, password, name, email, phone, role) values (20, 'Izak', 'cT3@y+BT_}n', 'Headan', 'iheadanj@marketwatch.com', '403-141-8452', 'ADMIN');
insert into users (user_id, username, password, name, email, phone, role) values (21, 'Price', 'sD7@ZBhotK+o,', 'Soan', 'psoank@1688.com', '182-702-9359', 'ADMIN');
insert into users (user_id, username, password, name, email, phone, role) values (22, 'Sonnie', 'nE8\<}g{', 'MacNaughton', 'smacnaughtonl@aboutads.info', '822-444-5413', 'ADMIN');
insert into users (user_id, username, password, name, email, phone, role) values (23, 'Flinn', 'nV2/Pg"k''', 'Middle', 'fmiddlem@irs.gov', '627-785-1335', 'ADMIN');
insert into users (user_id, username, password, name, email, phone, role) values (24, 'Clem', 'bT5''Ig)0p', 'Ilchenko', 'cilchenkon@youku.com', '747-462-4494', 'ADMIN');
insert into users (user_id, username, password, name, email, phone, role) values (25, 'Samson', 'tE6*@=\}A>k', 'Alvarez', 'salvarezo@reference.com', '988-418-1632', 'USER');
insert into users (user_id, username, password, name, email, phone, role) values (26, 'Norton', 'rP1''|o@''FEscxZ', 'Braidon', 'nbraidonp@hud.gov', '737-432-2542', 'USER');
insert into users (user_id, username, password, name, email, phone, role) values (27, 'Giffie', 'vR8<>yY@P0)|', 'Branno', 'gbrannoq@shareasale.com', '639-827-0685', 'USER');
insert into users (user_id, username, password, name, email, phone, role) values (28, 'Alleyn', 'pX7?%D+jBzbs_Ti', 'Backen', 'abackenr@businesswire.com', '748-201-2098', 'ADMIN');
insert into users (user_id, username, password, name, email, phone, role) values (29, 'Dex', 'kB9{jxzt"C|', 'Esslement', 'desslements@cdbaby.com', '853-651-4082', 'USER');
insert into users (user_id, username, password, name, email, phone, role) values (30, 'Mikkel', 'fW1))1/d\P$2Oxef', 'Doale', 'mdoalet@weather.com', '738-869-5493', 'USER');
insert into users (user_id, username, password, name, email, phone, role) values (31, 'Jeromy', 'eW3=}gsm}Vp\c_', 'Trehearne', 'jtrehearneu@cbc.ca', '101-171-9798', 'USER');
insert into users (user_id, username, password, name, email, phone, role) values (32, 'Salem', 'vA1''P?~1eXsxwU', 'Fladgate', 'sfladgatev@nsw.gov.au', '587-833-6958', 'USER');
insert into users (user_id, username, password, name, email, phone, role) values (33, 'Lincoln', 'kE1\H(7*', 'Tropman', 'ltropmanw@wired.com', '952-898-0408', 'ADMIN');
insert into users (user_id, username, password, name, email, phone, role) values (34, 'Manfred', 'nO5%=Tu}qmm`', 'Pevie', 'mpeviex@com.com', '257-891-2729', 'USER');
insert into users (user_id, username, password, name, email, phone, role) values (35, 'Reuben', 'bR0&_K/!NUzBo_YW', 'Northin', 'rnorthiny@archive.org', '924-298-5975', 'USER');
insert into users (user_id, username, password, name, email, phone, role) values (36, 'Izzy', 'mA2?_\/LrP', 'Twentyman', 'itwentymanz@who.int', '306-727-0278', 'ADMIN');
insert into users (user_id, username, password, name, email, phone, role) values (37, 'Augie', 'rB6`2wZYHu3', 'Gorvin', 'agorvin10@howstuffworks.com', '191-735-0413', 'ADMIN');
insert into users (user_id, username, password, name, email, phone, role) values (38, 'Stanford', 'eT1!o}Kp&UazvW', 'Ketley', 'sketley11@deviantart.com', '394-804-6329', 'ADMIN');
insert into users (user_id, username, password, name, email, phone, role) values (39, 'Walker', 'pF6)Lu(V', 'Thonger', 'wthonger12@geocities.com', '896-364-0081', 'USER');
insert into users (user_id, username, password, name, email, phone, role) values (40, 'Desmund', 'tW5!@RUN1', 'Strippel', 'dstrippel13@time.com', '767-764-4676', 'USER');
insert into users (user_id, username, password, name, email, phone, role) values (41, 'Bo', 'fE9"k5SyX~', 'Lissandri', 'blissandri14@psu.edu', '124-963-0366', 'ADMIN');
insert into users (user_id, username, password, name, email, phone, role) values (42, 'Selby', 'xH3&zX#Y?{mY_eP*', 'McEnhill', 'smcenhill15@mashable.com', '421-240-2969', 'USER');
insert into users (user_id, username, password, name, email, phone, role) values (43, 'Durward', 'uO2*5j{G"zO`$''', 'Exeter', 'dexeter16@hugedomains.com', '643-789-0374', 'ADMIN');
insert into users (user_id, username, password, name, email, phone, role) values (44, 'Courtney', 'wD3?j<{&', 'Corneck', 'ccorneck17@earthlink.net', '218-334-8800', 'USER');
insert into users (user_id, username, password, name, email, phone, role) values (45, 'Bale', 'zW8''CHMm6', 'Kite', 'bkite18@independent.co.uk', '965-218-7378', 'ADMIN');
insert into users (user_id, username, password, name, email, phone, role) values (46, 'Rem', 'cU5\jXBoPJ', 'Casford', 'rcasford19@arizona.edu', '705-793-1549', 'USER');
insert into users (user_id, username, password, name, email, phone, role) values (47, 'Lindon', 'cF3~zgxJ>5aRGQ', 'Hartington', 'lhartington1a@webmd.com', '550-695-6046', 'ADMIN');
insert into users (user_id, username, password, name, email, phone, role) values (48, 'Tait', 'bW8#rgiY', 'Albrooke', 'talbrooke1b@baidu.com', '574-928-6304', 'USER');
insert into users (user_id, username, password, name, email, phone, role) values (49, 'Corey', 'mN9?\%PV', 'Childs', 'cchilds1c@mediafire.com', '782-358-0285', 'ADMIN');
insert into users (user_id, username, password, name, email, phone, role) values (50, 'Amory', 'qO4\F=m{W', 'Helliker', 'ahelliker1d@bloglovin.com', '966-136-4452', 'USER');
insert into users (user_id, username, password, name, email, phone, role) values (51, 'Osbourne', 'zG4,OgJYpCJAy', 'Pinnocke', 'opinnocke1e@multiply.com', '522-733-8349', 'USER');
insert into users (user_id, username, password, name, email, phone, role) values (52, 'Archambault', 'tE6,e,RC', 'Simonich', 'asimonich1f@wordpress.org', '366-244-7852', 'ADMIN');
insert into users (user_id, username, password, name, email, phone, role) values (53, 'Drake', 'pK8=\E.ZVw~', 'Garlant', 'dgarlant1g@topsy.com', '153-256-2995', 'USER');
insert into users (user_id, username, password, name, email, phone, role) values (54, 'Akim', 'kW1''AFN4}@,>4', 'Winskill', 'awinskill1h@ibm.com', '509-157-0548', 'USER');
insert into users (user_id, username, password, name, email, phone, role) values (55, 'Thaine', 'cD3/.6}6N', 'Longstaff', 'tlongstaff1i@google.com.br', '328-536-9299', 'ADMIN');
insert into users (user_id, username, password, name, email, phone, role) values (56, 'Augustine', 'rP2*eK!3o}LV', 'Orknay', 'aorknay1j@chronoengine.com', '956-957-4837', 'ADMIN');
insert into users (user_id, username, password, name, email, phone, role) values (57, 'Ruggiero', 'qX4}#F?Q&D<uH0', 'Lindroos', 'rlindroos1k@sciencedirect.com', '466-610-0055', 'ADMIN');
insert into users (user_id, username, password, name, email, phone, role) values (58, 'Obie', 'rY0|uEBY<",', 'Di Batista', 'odibatista1l@patch.com', '406-384-1955', 'ADMIN');
insert into users (user_id, username, password, name, email, phone, role) values (59, 'Keenan', 'vE8{FU_22', 'Errichelli', 'kerrichelli1m@gravatar.com', '390-904-1909', 'USER');
insert into users (user_id, username, password, name, email, phone, role) values (60, 'Humfrey', 'nJ0~ULNyz', 'Castelow', 'hcastelow1n@thetimes.co.uk', '999-199-4289', 'USER');
insert into users (user_id, username, password, name, email, phone, role) values (61, 'Egon', 'sT2>VLNC<.s=ff', 'Pisco', 'episco1o@google.co.jp', '727-939-5313', 'USER');
insert into users (user_id, username, password, name, email, phone, role) values (62, 'Artemas', 'yA2{1Z2d\IkW', 'Carnilian', 'acarnilian1p@mozilla.com', '300-527-2126', 'ADMIN');
insert into users (user_id, username, password, name, email, phone, role) values (63, 'Sherwynd', 'kF2"=.Qn', 'Pickover', 'spickover1q@t.co', '504-416-6521', 'ADMIN');
insert into users (user_id, username, password, name, email, phone, role) values (64, 'Eadmund', 'vT5&?B@B0Y', 'Jouanet', 'ejouanet1r@imageshack.us', '404-779-5398', 'USER');
insert into users (user_id, username, password, name, email, phone, role) values (65, 'Thaddus', 'iA8`zy#N}$x', 'Qusklay', 'tqusklay1s@reverbnation.com', '203-549-0087', 'USER');
insert into users (user_id, username, password, name, email, phone, role) values (66, 'Spike', 'oZ7#$keS}bR9ivf', 'Blazey', 'sblazey1t@usnews.com', '560-405-2881', 'USER');
insert into users (user_id, username, password, name, email, phone, role) values (67, 'Edvard', 'rL6+DWOs`', 'Carren', 'ecarren1u@rakuten.co.jp', '230-231-7847', 'ADMIN');
insert into users (user_id, username, password, name, email, phone, role) values (68, 'Deane', 'aN0?.xaiZM', 'Seagrave', 'dseagrave1v@dropbox.com', '679-172-7861', 'USER');
insert into users (user_id, username, password, name, email, phone, role) values (69, 'Conney', 'mD7&PCK~@=EY`E', 'Quelch', 'cquelch1w@freewebs.com', '838-148-4037', 'USER');
insert into users (user_id, username, password, name, email, phone, role) values (70, 'Kendal', 'nZ0#8QSxs@MBy4', 'Lowle', 'klowle1x@bluehost.com', '790-685-5035', 'USER');
insert into users (user_id, username, password, name, email, phone, role) values (71, 'Godfree', 'uW0,&\eyvDh,iH', 'Anthoine', 'ganthoine1y@comcast.net', '788-735-0407', 'ADMIN');
insert into users (user_id, username, password, name, email, phone, role) values (72, 'Culver', 'xU6#VylW', 'Asbrey', 'casbrey1z@engadget.com', '386-999-6131', 'USER');
insert into users (user_id, username, password, name, email, phone, role) values (73, 'Wolfie', 'vI5<g7S+eS', 'Hoggins', 'whoggins20@bbb.org', '848-338-1221', 'ADMIN');
insert into users (user_id, username, password, name, email, phone, role) values (74, 'Allayne', 'cX1{jjScDhC', 'Glazer', 'aglazer21@cargocollective.com', '642-773-1180', 'ADMIN');
insert into users (user_id, username, password, name, email, phone, role) values (75, 'Miles', 'dM5/{AW~{yP', 'Duchenne', 'mduchenne22@webnode.com', '520-482-1372', 'USER');
insert into users (user_id, username, password, name, email, phone, role) values (76, 'Clemente', 'eT1_x~2`dDZXaH', 'Madoc-Jones', 'cmadocjones23@imdb.com', '742-829-5223', 'USER');
insert into users (user_id, username, password, name, email, phone, role) values (77, 'Lem', 'rY3"!P''4.QsCpi', 'Brennand', 'lbrennand24@bloglovin.com', '609-548-1596', 'ADMIN');
insert into users (user_id, username, password, name, email, phone, role) values (78, 'Beaufort', 'uV9_jl!}iS6Zb9', 'Spring', 'bspring25@godaddy.com', '711-256-8276', 'ADMIN');
insert into users (user_id, username, password, name, email, phone, role) values (79, 'Muhammad', 'vJ3#/chirfs', 'Anstie', 'manstie26@forbes.com', '179-780-3348', 'USER');
insert into users (user_id, username, password, name, email, phone, role) values (80, 'Ambrosius', 'gL8{{~9T', 'Heindl', 'aheindl27@creativecommons.org', '834-130-8336', 'USER');
insert into users (user_id, username, password, name, email, phone, role) values (81, 'Dana', 'oR3<>6K>', 'Delves', 'ddelves28@jiathis.com', '422-957-9763', 'USER');
insert into users (user_id, username, password, name, email, phone, role) values (82, 'Abbot', 'wK5&C4nrjk''', 'Rousell', 'arousell29@smh.com.au', '462-848-0046', 'USER');
insert into users (user_id, username, password, name, email, phone, role) values (83, 'Trip', 'aA0%FDHX(a+5a', 'Redley', 'tredley2a@youtu.be', '167-491-3466', 'ADMIN');
insert into users (user_id, username, password, name, email, phone, role) values (84, 'Boycie', 'bX2`7Oae7Sw', 'MacClenan', 'bmacclenan2b@sphinn.com', '202-785-3919', 'USER');
insert into users (user_id, username, password, name, email, phone, role) values (85, 'Axel', 'xG3`C@<WJr!x?', 'Richley', 'arichley2c@businesswire.com', '432-538-6411', 'USER');
insert into users (user_id, username, password, name, email, phone, role) values (86, 'Tallie', 'iA6!&Fd=|001VZ<~', 'Boom', 'tboom2d@amazon.co.uk', '888-116-5990', 'USER');
insert into users (user_id, username, password, name, email, phone, role) values (87, 'Guillaume', 'cS3%UQHtynU=aJ', 'Filppetti', 'gfilppetti2e@fotki.com', '104-653-0038', 'USER');
insert into users (user_id, username, password, name, email, phone, role) values (88, 'Lamond', 'bK1{dGpf(g/ixs', 'Kettles', 'lkettles2f@comsenz.com', '780-103-8384', 'USER');
insert into users (user_id, username, password, name, email, phone, role) values (89, 'Leslie', 'oF8?VtvJ', 'Greenless', 'lgreenless2g@blinklist.com', '846-377-5579', 'ADMIN');
insert into users (user_id, username, password, name, email, phone, role) values (90, 'Rafferty', 'pN6_q3_dpcRv', 'Smiz', 'rsmiz2h@sphinn.com', '573-628-0733', 'USER');
insert into users (user_id, username, password, name, email, phone, role) values (91, 'Giulio', 'wY6~YoOr', 'Dignon', 'gdignon2i@eepurl.com', '266-993-0219', 'USER');
insert into users (user_id, username, password, name, email, phone, role) values (92, 'Berkeley', 'xU3|4(S$PoayCjP', 'Pymar', 'bpymar2j@examiner.com', '215-429-7363', 'ADMIN');
insert into users (user_id, username, password, name, email, phone, role) values (93, 'Shermy', 'tJ0#nbkySd!P}(', 'Thorndycraft', 'sthorndycraft2k@java.com', '620-646-2134', 'USER');
insert into users (user_id, username, password, name, email, phone, role) values (94, 'Clayborn', 'iK4)ik(\3', 'Matelaitis', 'cmatelaitis2l@xrea.com', '958-961-4067', 'ADMIN');
insert into users (user_id, username, password, name, email, phone, role) values (95, 'Solly', 'nY3$s&jBW+Y3)E@a', 'Riccardi', 'sriccardi2m@wp.com', '291-343-0266', 'USER');
insert into users (user_id, username, password, name, email, phone, role) values (96, 'Wiley', 'hV3<VTFbMd''K', 'Staines', 'wstaines2n@instagram.com', '553-736-7975', 'ADMIN');
insert into users (user_id, username, password, name, email, phone, role) values (97, 'Tally', 'vE9=Cq$''(Xb', 'McKeaveney', 'tmckeaveney2o@jalbum.net', '116-810-0931', 'USER');
insert into users (user_id, username, password, name, email, phone, role) values (98, 'Vladamir', 'fR6!*nKKbhP', 'Tremaine', 'vtremaine2p@ftc.gov', '902-478-1377', 'ADMIN');
insert into users (user_id, username, password, name, email, phone, role) values (99, 'Emmit', 'tC6''53TRBV', 'Baiss', 'ebaiss2q@exblog.jp', '920-952-5621', 'USER');
insert into users (user_id, username, password, name, email, phone, role) values (100, 'Thedric', 'pJ1+L#Av2ygoql', 'Pahlsson', 'tpahlsson2r@edublogs.org', '803-424-7620', 'USER');


insert into restaurant_table (restaurant_table_id, table_number, capacity, is_available) values (1, 1, 2, false);
insert into restaurant_table (restaurant_table_id, table_number, capacity, is_available) values (2, 2, 26, false);
insert into restaurant_table (restaurant_table_id, table_number, capacity, is_available) values (3, 3, 30, false);
insert into restaurant_table (restaurant_table_id, table_number, capacity, is_available) values (4, 4, 12, true);
insert into restaurant_table (restaurant_table_id, table_number, capacity, is_available) values (5, 5, 22, true);
insert into restaurant_table (restaurant_table_id, table_number, capacity, is_available) values (6, 6, 7, true);
insert into restaurant_table (restaurant_table_id, table_number, capacity, is_available) values (7, 7, 3, true);
insert into restaurant_table (restaurant_table_id, table_number, capacity, is_available) values (8, 8, 24, false);
insert into restaurant_table (restaurant_table_id, table_number, capacity, is_available) values (9, 9, 18, false);
insert into restaurant_table (restaurant_table_id, table_number, capacity, is_available) values (10, 10, 9, false);
insert into restaurant_table (restaurant_table_id, table_number, capacity, is_available) values (11, 11, 19, true);
insert into restaurant_table (restaurant_table_id, table_number, capacity, is_available) values (12, 12, 12, false);
insert into restaurant_table (restaurant_table_id, table_number, capacity, is_available) values (13, 13, 23, true);
insert into restaurant_table (restaurant_table_id, table_number, capacity, is_available) values (14, 14, 22, true);
insert into restaurant_table (restaurant_table_id, table_number, capacity, is_available) values (15, 15, 17, true);
insert into restaurant_table (restaurant_table_id, table_number, capacity, is_available) values (16, 16, 7, true);
insert into restaurant_table (restaurant_table_id, table_number, capacity, is_available) values (17, 17, 7, true);
insert into restaurant_table (restaurant_table_id, table_number, capacity, is_available) values (18, 18, 1, false);
insert into restaurant_table (restaurant_table_id, table_number, capacity, is_available) values (19, 19, 5, false);
insert into restaurant_table (restaurant_table_id, table_number, capacity, is_available) values (20, 20, 24, false);



insert into reservation (reservation_id, user_id, restaurant_table_id, reservation_time, num_people, status) values (1, 1, 1, '2024-11-26 15:24:17', 4, 'CANCELLED');
insert into reservation (reservation_id, user_id, restaurant_table_id, reservation_time, num_people, status) values (2, 2, 2, '2024-06-07 02:03:24', 5, 'PENDING');
insert into reservation (reservation_id, user_id, restaurant_table_id, reservation_time, num_people, status) values (3, 3, 3, '2025-01-15 11:07:04', 1, 'PENDING');
insert into reservation (reservation_id, user_id, restaurant_table_id, reservation_time, num_people, status) values (4, 4, 4, '2024-06-05 10:00:57', 5, 'CONFIRMED');
insert into reservation (reservation_id, user_id, restaurant_table_id, reservation_time, num_people, status) values (5, 5, 5, '2025-01-10 00:14:07', 4, 'PENDING');
insert into reservation (reservation_id, user_id, restaurant_table_id, reservation_time, num_people, status) values (6, 6, 6, '2024-04-16 12:51:38', 4, 'PENDING');
insert into reservation (reservation_id, user_id, restaurant_table_id, reservation_time, num_people, status) values (7, 7, 7, '2024-10-13 18:49:56', 6, 'CANCELLED');
insert into reservation (reservation_id, user_id, restaurant_table_id, reservation_time, num_people, status) values (8, 8, 8, '2024-03-19 23:50:51', 3, 'COMPLETED');
insert into reservation (reservation_id, user_id, restaurant_table_id, reservation_time, num_people, status) values (9, 9, 9, '2024-07-18 03:29:20', 2, 'PENDING');
insert into reservation (reservation_id, user_id, restaurant_table_id, reservation_time, num_people, status) values (10, 10, 10, '2024-02-11 12:39:25', 2, 'COMPLETED');
insert into reservation (reservation_id, user_id, restaurant_table_id, reservation_time, num_people, status) values (11, 11, 11, '2024-07-08 08:46:53', 5, 'CONFIRMED');
insert into reservation (reservation_id, user_id, restaurant_table_id, reservation_time, num_people, status) values (12, 12, 12, '2024-07-22 02:58:11', 3, 'PENDING');
insert into reservation (reservation_id, user_id, restaurant_table_id, reservation_time, num_people, status) values (13, 13, 13, '2025-01-30 23:16:00', 4, 'PENDING');
insert into reservation (reservation_id, user_id, restaurant_table_id, reservation_time, num_people, status) values (14, 14, 14, '2024-12-16 17:48:37', 3, 'CONFIRMED');
insert into reservation (reservation_id, user_id, restaurant_table_id, reservation_time, num_people, status) values (15, 15, 15, '2024-05-28 21:49:19', 1, 'CONFIRMED');
insert into reservation (reservation_id, user_id, restaurant_table_id, reservation_time, num_people, status) values (16, 16, 16, '2024-04-07 11:16:35', 1, 'CANCELLED');
insert into reservation (reservation_id, user_id, restaurant_table_id, reservation_time, num_people, status) values (17, 17, 17, '2024-07-27 07:04:59', 3, 'CANCELLED');
insert into reservation (reservation_id, user_id, restaurant_table_id, reservation_time, num_people, status) values (18, 18, 18, '2025-01-07 07:31:06', 4, 'CANCELLED');




INSERT INTO payment (reservation_id, amount, payment_method, status)
VALUES
(1, 325.33, 'LINE_PAY', 'REFUNDED'),
(2, 1876.17, 'CASH', 'FAILED'),
(3, 392.66, 'CASH', 'FAILED'),
(4, 480.08, 'LINE_PAY', 'COMPLETED'),
(5, 1116.56, 'PAY_PAY', 'FAILED'),
(6, 728.74, 'CREDIT_CARD', 'REFUNDED'),
(7, 528.94, 'CASH', 'REFUNDED'),
(8, 1847.74, 'LINE_PAY', 'PENDING'),
(9, 145.35, 'PAY_PAY', 'REFUNDED'),
(10, 1397.37, 'CREDIT_CARD', 'COMPLETED'),
(11, 600.12, 'CREDIT_CARD', 'PENDING'),
(12, 1994.29, 'PAY_PAY', 'PENDING'),
(13, 1574.42, 'CASH', 'FAILED'),
(14, 133.91, 'CASH', 'COMPLETED'),
(15, 456.93, 'CREDIT_CARD', 'PENDING'),
(16, 1522.29, 'LINE_PAY', 'COMPLETED'),
(17, 1123.94, 'CREDIT_CARD', 'REFUNDED'),
(18, 102.59, 'PAY_PAY', 'FAILED'),
(19, 912.51, 'LINE_PAY', 'PENDING'),
(20, 1057.97, 'LINE_PAY', 'REFUNDED');
