insert into users (user_id, username, password, name, email, phone, role) values (1, 'Nevin', 'gE7_(*nT*e#', 'Grevile', 'ngrevile0@oaic.gov.au', '242-969-4499', 'ADMIN');
insert into users (user_id, username, password, name, email, phone, role) values (2, 'Asa', 'vV8+ibm<_am{.', 'Worledge', 'aworledge1@huffingtonpost.com', '619-237-0510', 'USER');
insert into users (user_id, username, password, name, email, phone, role) values (3, 'Van', 'tC0"01J#A', 'Dymocke', 'vdymocke2@washingtonpost.com', '472-111-3863', 'ADMIN');
insert into users (user_id, username, password, name, email, phone, role) values (4, 'Vin', 'cU0|%rO}ZO{A', 'Chasmoor', 'vchasmoor3@ucla.edu', '260-694-7788', 'ADMIN');
insert into users (user_id, username, password, name, email, phone, role) values (5, 'Witty', 'iT2''''qXtu!Z0V)RP', 'Cornforth', 'wcornforth4@quantcast.com', '979-793-2443', 'USER');
insert into users (user_id, username, password, name, email, phone, role) values (6, 'Mitchel', 'hB6`*zQU)A2D', 'Danielski', 'mdanielski5@php.net', '449-849-1168', 'USER');
insert into users (user_id, username, password, name, email, phone, role) values (7, 'Kelley', 'rB2''iogk', 'Scoles', 'kscoles6@dailymail.co.uk', '147-725-3076', 'USER');
insert into users (user_id, username, password, name, email, phone, role) values (8, 'Holly', 'xU2&LBB4./RP1_,|', 'Skatcher', 'hskatcher7@telegraph.co.uk', '877-272-9626', 'USER');
insert into users (user_id, username, password, name, email, phone, role) values (9, 'Karoly', 'xM0`o1Pr', 'Custy', 'kcusty8@slideshare.net', '528-273-4350', 'USER');
insert into users (user_id, username, password, name, email, phone, role) values (10, 'Pincas', 'oU1/{K.KE', 'Guirardin', 'pguirardin9@examiner.com', '211-521-9656', 'ADMIN');
insert into users (user_id, username, password, name, email, phone, role) values (11, 'Aguie', 'uS5}hY,bgf,6', 'Winterbourne', 'awinterbournea@paginegialle.it', '445-464-4187', 'USER');
insert into users (user_id, username, password, name, email, phone, role) values (12, 'Leeland', 'mL6"gMRG}Lz', 'Pirot', 'lpirotb@engadget.com', '412-126-2236', 'ADMIN');
insert into users (user_id, username, password, name, email, phone, role) values (13, 'Dannel', 'kH1%_LVvA4WSX3B{', 'Dwelley', 'ddwelleyc@google.com.hk', '510-798-9201', 'USER');
insert into users (user_id, username, password, name, email, phone, role) values (14, 'Chico', 'zX9=aHZK"3rrCn+T', 'De Courtney', 'cdecourtneyd@weather.com', '602-716-8975', 'ADMIN');
insert into users (user_id, username, password, name, email, phone, role) values (15, 'Eben', 'nV3*q|@cURk', 'Mordaunt', 'emordaunte@chronoengine.com', '194-973-7023', 'USER');
insert into users (user_id, username, password, name, email, phone, role) values (16, 'Faber', 'bS1%Q!.u', 'Winterburn', 'fwinterburnf@vinaora.com', '935-704-8938', 'ADMIN');
insert into users (user_id, username, password, name, email, phone, role) values (17, 'Max', 'yZ7"''s!<sl2', 'Shilliday', 'mshillidayg@cdbaby.com', '337-366-3138', 'USER');
insert into users (user_id, username, password, name, email, phone, role) values (18, 'Tom', 'pI0)Ik8)cw*', 'Kenan', 'tkenanh@bing.com', '578-503-1951', 'USER');
insert into users (user_id, username, password, name, email, phone, role) values (19, 'Fabian', 'zL0/(}pJ)%\~o', 'Astle', 'fastlei@earthlink.net', '709-707-4009', 'USER');
insert into users (user_id, username, password, name, email, phone, role) values (20, 'Izak', 'cT3@y+BT_}n', 'Headan', 'iheadanj@marketwatch.com', '403-141-8452', 'ADMIN');
insert into users (user_id, username, password, name, email, phone, role) values (21, 'Price', 'sD7@ZBhotK+o,', 'Soan', 'psoank@1688.com', '182-702-9359', 'ADMIN');
insert into users (user_id, username, password, name, email, phone, role) values (22, 'Sonnie', 'nE8\<}g{', 'MacNaughton', 'smacnaughtonl@aboutads.info', '822-444-5413', 'ADMIN');
insert into users (user_id, username, password, name, email, phone, role) values (23, 'Flinn', 'nV2/Pg"k''', 'Middle', 'fmiddlem@irs.gov', '627-785-1335', 'ADMIN');
insert into users (user_id, username, password, name, email, phone, role) values (24, 'Clem', 'bT5''Ig)0p', 'Ilchenko', 'cilchenkon@youku.com', '747-462-4494', 'ADMIN');
insert into users (user_id, username, password, name, email, phone, role) values (25, 'Samson', 'tE6*@=\}A>k', 'Alvarez', 'salvarezo@reference.com', '988-418-1632', 'USER');
insert into users (user_id, username, password, name, email, phone, role) values (26, 'Norton', 'rP1''|o@''FEscxZ', 'Braidon', 'nbraidonp@hud.gov', '737-432-2542', 'USER');
insert into users (user_id, username, password, name, email, phone, role) values (27, 'Giffie', 'vR8<>yY@P0)|', 'Branno', 'gbrannoq@shareasale.com', '639-827-0685', 'USER');
insert into users (user_id, username, password, name, email, phone, role) values (28, 'Alleyn', 'pX7?%D+jBzbs_Ti', 'Backen', 'abackenr@businesswire.com', '748-201-2098', 'ADMIN');
insert into users (user_id, username, password, name, email, phone, role) values (29, 'Dex', 'kB9{jxzt"C|', 'Esslement', 'desslements@cdbaby.com', '853-651-4082', 'USER');
insert into users (user_id, username, password, name, email, phone, role) values (30, 'Mikkel', 'fW1))1/d\P$2Oxef', 'Doale', 'mdoalet@weather.com', '738-869-5493', 'USER');
insert into users (user_id, username, password, name, email, phone, role) values (31, 'Jeromy', 'eW3=}gsm}Vp\c_', 'Trehearne', 'jtrehearneu@cbc.ca', '101-171-9798', 'USER');
insert into users (user_id, username, password, name, email, phone, role) values (32, 'Salem', 'vA1''P?~1eXsxwU', 'Fladgate', 'sfladgatev@nsw.gov.au', '587-833-6958', 'USER');
insert into users (user_id, username, password, name, email, phone, role) values (33, 'Lincoln', 'kE1\H(7*', 'Tropman', 'ltropmanw@wired.com', '952-898-0408', 'ADMIN');
insert into users (user_id, username, password, name, email, phone, role) values (34, 'Manfred', 'nO5%=Tu}qmm`', 'Pevie', 'mpeviex@com.com', '257-891-2729', 'USER');
insert into users (user_id, username, password, name, email, phone, role) values (35, 'Reuben', 'bR0&_K/!NUzBo_YW', 'Northin', 'rnorthiny@archive.org', '924-298-5975', 'USER');
insert into users (user_id, username, password, name, email, phone, role) values (36, 'Izzy', 'mA2?_\/LrP', 'Twentyman', 'itwentymanz@who.int', '306-727-0278', 'ADMIN');
insert into users (user_id, username, password, name, email, phone, role) values (37, 'Augie', 'rB6`2wZYHu3', 'Gorvin', 'agorvin10@howstuffworks.com', '191-735-0413', 'ADMIN');
insert into users (user_id, username, password, name, email, phone, role) values (38, 'Stanford', 'eT1!o}Kp&UazvW', 'Ketley', 'sketley11@deviantart.com', '394-804-6329', 'ADMIN');
insert into users (user_id, username, password, name, email, phone, role) values (39, 'Walker', 'pF6)Lu(V', 'Thonger', 'wthonger12@geocities.com', '896-364-0081', 'USER');
insert into users (user_id, username, password, name, email, phone, role) values (40, 'Desmund', 'tW5!@RUN1', 'Strippel', 'dstrippel13@time.com', '767-764-4676', 'USER');
insert into users (user_id, username, password, name, email, phone, role) values (41, 'Bo', 'fE9"k5SyX~', 'Lissandri', 'blissandri14@psu.edu', '124-963-0366', 'ADMIN');
insert into users (user_id, username, password, name, email, phone, role) values (42, 'Selby', 'xH3&zX#Y?{mY_eP*', 'McEnhill', 'smcenhill15@mashable.com', '421-240-2969', 'USER');
insert into users (user_id, username, password, name, email, phone, role) values (43, 'Durward', 'uO2*5j{G"zO`$''', 'Exeter', 'dexeter16@hugedomains.com', '643-789-0374', 'ADMIN');
insert into users (user_id, username, password, name, email, phone, role) values (44, 'Courtney', 'wD3?j<{&', 'Corneck', 'ccorneck17@earthlink.net', '218-334-8800', 'USER');
insert into users (user_id, username, password, name, email, phone, role) values (45, 'Bale', 'zW8''CHMm6', 'Kite', 'bkite18@independent.co.uk', '965-218-7378', 'ADMIN');
insert into users (user_id, username, password, name, email, phone, role) values (46, 'Rem', 'cU5\jXBoPJ', 'Casford', 'rcasford19@arizona.edu', '705-793-1549', 'USER');
insert into users (user_id, username, password, name, email, phone, role) values (47, 'Lindon', 'cF3~zgxJ>5aRGQ', 'Hartington', 'lhartington1a@webmd.com', '550-695-6046', 'ADMIN');
insert into users (user_id, username, password, name, email, phone, role) values (48, 'Tait', 'bW8#rgiY', 'Albrooke', 'talbrooke1b@baidu.com', '574-928-6304', 'USER');
insert into users (user_id, username, password, name, email, phone, role) values (49, 'Corey', 'mN9?\%PV', 'Childs', 'cchilds1c@mediafire.com', '782-358-0285', 'ADMIN');
insert into users (user_id, username, password, name, email, phone, role) values (50, 'Amory', 'qO4\F=m{W', 'Helliker', 'ahelliker1d@bloglovin.com', '966-136-4452', 'USER');
insert into users (user_id, username, password, name, email, phone, role) values (51, 'Osbourne', 'zG4,OgJYpCJAy', 'Pinnocke', 'opinnocke1e@multiply.com', '522-733-8349', 'USER');
insert into users (user_id, username, password, name, email, phone, role) values (52, 'Archambault', 'tE6,e,RC', 'Simonich', 'asimonich1f@wordpress.org', '366-244-7852', 'ADMIN');
insert into users (user_id, username, password, name, email, phone, role) values (53, 'Drake', 'pK8=\E.ZVw~', 'Garlant', 'dgarlant1g@topsy.com', '153-256-2995', 'USER');
insert into users (user_id, username, password, name, email, phone, role) values (54, 'Akim', 'kW1''AFN4}@,>4', 'Winskill', 'awinskill1h@ibm.com', '509-157-0548', 'USER');
insert into users (user_id, username, password, name, email, phone, role) values (55, 'Thaine', 'cD3/.6}6N', 'Longstaff', 'tlongstaff1i@google.com.br', '328-536-9299', 'ADMIN');
insert into users (user_id, username, password, name, email, phone, role) values (56, 'Augustine', 'rP2*eK!3o}LV', 'Orknay', 'aorknay1j@chronoengine.com', '956-957-4837', 'ADMIN');
insert into users (user_id, username, password, name, email, phone, role) values (57, 'Ruggiero', 'qX4}#F?Q&D<uH0', 'Lindroos', 'rlindroos1k@sciencedirect.com', '466-610-0055', 'ADMIN');
insert into users (user_id, username, password, name, email, phone, role) values (58, 'Obie', 'rY0|uEBY<",', 'Di Batista', 'odibatista1l@patch.com', '406-384-1955', 'ADMIN');
insert into users (user_id, username, password, name, email, phone, role) values (59, 'Keenan', 'vE8{FU_22', 'Errichelli', 'kerrichelli1m@gravatar.com', '390-904-1909', 'USER');
insert into users (user_id, username, password, name, email, phone, role) values (60, 'Humfrey', 'nJ0~ULNyz', 'Castelow', 'hcastelow1n@thetimes.co.uk', '999-199-4289', 'USER');
insert into users (user_id, username, password, name, email, phone, role) values (61, 'Egon', 'sT2>VLNC<.s=ff', 'Pisco', 'episco1o@google.co.jp', '727-939-5313', 'USER');
insert into users (user_id, username, password, name, email, phone, role) values (62, 'Artemas', 'yA2{1Z2d\IkW', 'Carnilian', 'acarnilian1p@mozilla.com', '300-527-2126', 'ADMIN');
insert into users (user_id, username, password, name, email, phone, role) values (63, 'Sherwynd', 'kF2"=.Qn', 'Pickover', 'spickover1q@t.co', '504-416-6521', 'ADMIN');
insert into users (user_id, username, password, name, email, phone, role) values (64, 'Eadmund', 'vT5&?B@B0Y', 'Jouanet', 'ejouanet1r@imageshack.us', '404-779-5398', 'USER');
insert into users (user_id, username, password, name, email, phone, role) values (65, 'Thaddus', 'iA8`zy#N}$x', 'Qusklay', 'tqusklay1s@reverbnation.com', '203-549-0087', 'USER');
insert into users (user_id, username, password, name, email, phone, role) values (66, 'Spike', 'oZ7#$keS}bR9ivf', 'Blazey', 'sblazey1t@usnews.com', '560-405-2881', 'USER');
insert into users (user_id, username, password, name, email, phone, role) values (67, 'Edvard', 'rL6+DWOs`', 'Carren', 'ecarren1u@rakuten.co.jp', '230-231-7847', 'ADMIN');
insert into users (user_id, username, password, name, email, phone, role) values (68, 'Deane', 'aN0?.xaiZM', 'Seagrave', 'dseagrave1v@dropbox.com', '679-172-7861', 'USER');
insert into users (user_id, username, password, name, email, phone, role) values (69, 'Conney', 'mD7&PCK~@=EY`E', 'Quelch', 'cquelch1w@freewebs.com', '838-148-4037', 'USER');
insert into users (user_id, username, password, name, email, phone, role) values (70, 'Kendal', 'nZ0#8QSxs@MBy4', 'Lowle', 'klowle1x@bluehost.com', '790-685-5035', 'USER');
insert into users (user_id, username, password, name, email, phone, role) values (71, 'Godfree', 'uW0,&\eyvDh,iH', 'Anthoine', 'ganthoine1y@comcast.net', '788-735-0407', 'ADMIN');
insert into users (user_id, username, password, name, email, phone, role) values (72, 'Culver', 'xU6#VylW', 'Asbrey', 'casbrey1z@engadget.com', '386-999-6131', 'USER');
insert into users (user_id, username, password, name, email, phone, role) values (73, 'Wolfie', 'vI5<g7S+eS', 'Hoggins', 'whoggins20@bbb.org', '848-338-1221', 'ADMIN');
insert into users (user_id, username, password, name, email, phone, role) values (74, 'Allayne', 'cX1{jjScDhC', 'Glazer', 'aglazer21@cargocollective.com', '642-773-1180', 'ADMIN');
insert into users (user_id, username, password, name, email, phone, role) values (75, 'Miles', 'dM5/{AW~{yP', 'Duchenne', 'mduchenne22@webnode.com', '520-482-1372', 'USER');
insert into users (user_id, username, password, name, email, phone, role) values (76, 'Clemente', 'eT1_x~2`dDZXaH', 'Madoc-Jones', 'cmadocjones23@imdb.com', '742-829-5223', 'USER');
insert into users (user_id, username, password, name, email, phone, role) values (77, 'Lem', 'rY3"!P''4.QsCpi', 'Brennand', 'lbrennand24@bloglovin.com', '609-548-1596', 'ADMIN');
insert into users (user_id, username, password, name, email, phone, role) values (78, 'Beaufort', 'uV9_jl!}iS6Zb9', 'Spring', 'bspring25@godaddy.com', '711-256-8276', 'ADMIN');
insert into users (user_id, username, password, name, email, phone, role) values (79, 'Muhammad', 'vJ3#/chirfs', 'Anstie', 'manstie26@forbes.com', '179-780-3348', 'USER');
insert into users (user_id, username, password, name, email, phone, role) values (80, 'Ambrosius', 'gL8{{~9T', 'Heindl', 'aheindl27@creativecommons.org', '834-130-8336', 'USER');
insert into users (user_id, username, password, name, email, phone, role) values (81, 'Dana', 'oR3<>6K>', 'Delves', 'ddelves28@jiathis.com', '422-957-9763', 'USER');
insert into users (user_id, username, password, name, email, phone, role) values (82, 'Abbot', 'wK5&C4nrjk''', 'Rousell', 'arousell29@smh.com.au', '462-848-0046', 'USER');
insert into users (user_id, username, password, name, email, phone, role) values (83, 'Trip', 'aA0%FDHX(a+5a', 'Redley', 'tredley2a@youtu.be', '167-491-3466', 'ADMIN');
insert into users (user_id, username, password, name, email, phone, role) values (84, 'Boycie', 'bX2`7Oae7Sw', 'MacClenan', 'bmacclenan2b@sphinn.com', '202-785-3919', 'USER');
insert into users (user_id, username, password, name, email, phone, role) values (85, 'Axel', 'xG3`C@<WJr!x?', 'Richley', 'arichley2c@businesswire.com', '432-538-6411', 'USER');
insert into users (user_id, username, password, name, email, phone, role) values (86, 'Tallie', 'iA6!&Fd=|001VZ<~', 'Boom', 'tboom2d@amazon.co.uk', '888-116-5990', 'USER');
insert into users (user_id, username, password, name, email, phone, role) values (87, 'Guillaume', 'cS3%UQHtynU=aJ', 'Filppetti', 'gfilppetti2e@fotki.com', '104-653-0038', 'USER');
insert into users (user_id, username, password, name, email, phone, role) values (88, 'Lamond', 'bK1{dGpf(g/ixs', 'Kettles', 'lkettles2f@comsenz.com', '780-103-8384', 'USER');
insert into users (user_id, username, password, name, email, phone, role) values (89, 'Leslie', 'oF8?VtvJ', 'Greenless', 'lgreenless2g@blinklist.com', '846-377-5579', 'ADMIN');
insert into users (user_id, username, password, name, email, phone, role) values (90, 'Rafferty', 'pN6_q3_dpcRv', 'Smiz', 'rsmiz2h@sphinn.com', '573-628-0733', 'USER');
insert into users (user_id, username, password, name, email, phone, role) values (91, 'Giulio', 'wY6~YoOr', 'Dignon', 'gdignon2i@eepurl.com', '266-993-0219', 'USER');
insert into users (user_id, username, password, name, email, phone, role) values (92, 'Berkeley', 'xU3|4(S$PoayCjP', 'Pymar', 'bpymar2j@examiner.com', '215-429-7363', 'ADMIN');
insert into users (user_id, username, password, name, email, phone, role) values (93, 'Shermy', 'tJ0#nbkySd!P}(', 'Thorndycraft', 'sthorndycraft2k@java.com', '620-646-2134', 'USER');
insert into users (user_id, username, password, name, email, phone, role) values (94, 'Clayborn', 'iK4)ik(\3', 'Matelaitis', 'cmatelaitis2l@xrea.com', '958-961-4067', 'ADMIN');
insert into users (user_id, username, password, name, email, phone, role) values (95, 'Solly', 'nY3$s&jBW+Y3)E@a', 'Riccardi', 'sriccardi2m@wp.com', '291-343-0266', 'USER');
insert into users (user_id, username, password, name, email, phone, role) values (96, 'Wiley', 'hV3<VTFbMd''K', 'Staines', 'wstaines2n@instagram.com', '553-736-7975', 'ADMIN');
insert into users (user_id, username, password, name, email, phone, role) values (97, 'Tally', 'vE9=Cq$''(Xb', 'McKeaveney', 'tmckeaveney2o@jalbum.net', '116-810-0931', 'USER');
insert into users (user_id, username, password, name, email, phone, role) values (98, 'Vladamir', 'fR6!*nKKbhP', 'Tremaine', 'vtremaine2p@ftc.gov', '902-478-1377', 'ADMIN');
insert into users (user_id, username, password, name, email, phone, role) values (99, 'Emmit', 'tC6''53TRBV', 'Baiss', 'ebaiss2q@exblog.jp', '920-952-5621', 'USER');
insert into users (user_id, username, password, name, email, phone, role) values (100, 'Thedric', 'pJ1+L#Av2ygoql', 'Pahlsson', 'tpahlsson2r@edublogs.org', '803-424-7620', 'USER');

insert into restaurant_table (restaurant_table_id, table_number, capacity, is_available) values (1, 4, 15, true);
insert into restaurant_table (restaurant_table_id, table_number, capacity, is_available) values (2, 10, 2, true);
insert into restaurant_table (restaurant_table_id, table_number, capacity, is_available) values (3, 4, 1, false);
insert into restaurant_table (restaurant_table_id, table_number, capacity, is_available) values (4, 3, 11, true);
insert into restaurant_table (restaurant_table_id, table_number, capacity, is_available) values (5, 1, 5, false);
insert into restaurant_table (restaurant_table_id, table_number, capacity, is_available) values (6, 6, 8, false);
insert into restaurant_table (restaurant_table_id, table_number, capacity, is_available) values (7, 4, 11, true);
insert into restaurant_table (restaurant_table_id, table_number, capacity, is_available) values (8, 8, 20, false);
insert into restaurant_table (restaurant_table_id, table_number, capacity, is_available) values (9, 5, 4, true);
insert into restaurant_table (restaurant_table_id, table_number, capacity, is_available) values (10, 5, 9, false);
insert into restaurant_table (restaurant_table_id, table_number, capacity, is_available) values (11, 9, 7, true);
insert into restaurant_table (restaurant_table_id, table_number, capacity, is_available) values (12, 1, 10, true);
insert into restaurant_table (restaurant_table_id, table_number, capacity, is_available) values (13, 1, 1, false);
insert into restaurant_table (restaurant_table_id, table_number, capacity, is_available) values (14, 9, 3, false);
insert into restaurant_table (restaurant_table_id, table_number, capacity, is_available) values (15, 6, 4, true);
insert into restaurant_table (restaurant_table_id, table_number, capacity, is_available) values (16, 1, 17, true);
insert into restaurant_table (restaurant_table_id, table_number, capacity, is_available) values (17, 4, 4, false);
insert into restaurant_table (restaurant_table_id, table_number, capacity, is_available) values (18, 7, 8, true);
insert into restaurant_table (restaurant_table_id, table_number, capacity, is_available) values (19, 6, 19, false);
insert into restaurant_table (restaurant_table_id, table_number, capacity, is_available) values (20, 5, 6, true);
insert into restaurant_table (restaurant_table_id, table_number, capacity, is_available) values (21, 1, 3, true);
insert into restaurant_table (restaurant_table_id, table_number, capacity, is_available) values (22, 7, 10, true);
insert into restaurant_table (restaurant_table_id, table_number, capacity, is_available) values (23, 9, 15, true);
insert into restaurant_table (restaurant_table_id, table_number, capacity, is_available) values (24, 8, 14, true);
insert into restaurant_table (restaurant_table_id, table_number, capacity, is_available) values (25, 10, 5, false);
insert into restaurant_table (restaurant_table_id, table_number, capacity, is_available) values (26, 10, 15, true);
insert into restaurant_table (restaurant_table_id, table_number, capacity, is_available) values (27, 6, 12, true);
insert into restaurant_table (restaurant_table_id, table_number, capacity, is_available) values (28, 8, 14, false);
insert into restaurant_table (restaurant_table_id, table_number, capacity, is_available) values (29, 8, 6, true);
insert into restaurant_table (restaurant_table_id, table_number, capacity, is_available) values (30, 1, 2, true);
insert into restaurant_table (restaurant_table_id, table_number, capacity, is_available) values (31, 6, 8, true);
insert into restaurant_table (restaurant_table_id, table_number, capacity, is_available) values (32, 6, 9, false);
insert into restaurant_table (restaurant_table_id, table_number, capacity, is_available) values (33, 10, 19, false);
insert into restaurant_table (restaurant_table_id, table_number, capacity, is_available) values (34, 4, 19, true);
insert into restaurant_table (restaurant_table_id, table_number, capacity, is_available) values (35, 4, 6, true);
insert into restaurant_table (restaurant_table_id, table_number, capacity, is_available) values (36, 5, 16, true);
insert into restaurant_table (restaurant_table_id, table_number, capacity, is_available) values (37, 8, 11, true);
insert into restaurant_table (restaurant_table_id, table_number, capacity, is_available) values (38, 9, 8, false);
insert into restaurant_table (restaurant_table_id, table_number, capacity, is_available) values (39, 1, 12, true);
insert into restaurant_table (restaurant_table_id, table_number, capacity, is_available) values (40, 10, 10, false);
insert into restaurant_table (restaurant_table_id, table_number, capacity, is_available) values (41, 3, 19, false);
insert into restaurant_table (restaurant_table_id, table_number, capacity, is_available) values (42, 3, 6, true);
insert into restaurant_table (restaurant_table_id, table_number, capacity, is_available) values (43, 9, 19, false);
insert into restaurant_table (restaurant_table_id, table_number, capacity, is_available) values (44, 6, 15, true);
insert into restaurant_table (restaurant_table_id, table_number, capacity, is_available) values (45, 5, 15, false);
insert into restaurant_table (restaurant_table_id, table_number, capacity, is_available) values (46, 8, 11, false);
insert into restaurant_table (restaurant_table_id, table_number, capacity, is_available) values (47, 3, 6, true);
insert into restaurant_table (restaurant_table_id, table_number, capacity, is_available) values (48, 4, 4, false);
insert into restaurant_table (restaurant_table_id, table_number, capacity, is_available) values (49, 8, 19, true);
insert into restaurant_table (restaurant_table_id, table_number, capacity, is_available) values (50, 1, 14, false);
insert into restaurant_table (restaurant_table_id, table_number, capacity, is_available) values (51, 3, 9, false);
insert into restaurant_table (restaurant_table_id, table_number, capacity, is_available) values (52, 8, 8, true);
insert into restaurant_table (restaurant_table_id, table_number, capacity, is_available) values (53, 7, 6, true);
insert into restaurant_table (restaurant_table_id, table_number, capacity, is_available) values (54, 5, 1, true);
insert into restaurant_table (restaurant_table_id, table_number, capacity, is_available) values (55, 9, 5, true);
insert into restaurant_table (restaurant_table_id, table_number, capacity, is_available) values (56, 1, 20, false);
insert into restaurant_table (restaurant_table_id, table_number, capacity, is_available) values (57, 5, 19, true);
insert into restaurant_table (restaurant_table_id, table_number, capacity, is_available) values (58, 2, 17, true);
insert into restaurant_table (restaurant_table_id, table_number, capacity, is_available) values (59, 4, 19, true);
insert into restaurant_table (restaurant_table_id, table_number, capacity, is_available) values (60, 10, 6, false);
insert into restaurant_table (restaurant_table_id, table_number, capacity, is_available) values (61, 1, 19, false);
insert into restaurant_table (restaurant_table_id, table_number, capacity, is_available) values (62, 9, 13, false);
insert into restaurant_table (restaurant_table_id, table_number, capacity, is_available) values (63, 9, 15, false);
insert into restaurant_table (restaurant_table_id, table_number, capacity, is_available) values (64, 1, 12, false);
insert into restaurant_table (restaurant_table_id, table_number, capacity, is_available) values (65, 2, 2, false);
insert into restaurant_table (restaurant_table_id, table_number, capacity, is_available) values (66, 4, 17, false);
insert into restaurant_table (restaurant_table_id, table_number, capacity, is_available) values (67, 5, 13, true);
insert into restaurant_table (restaurant_table_id, table_number, capacity, is_available) values (68, 10, 17, false);
insert into restaurant_table (restaurant_table_id, table_number, capacity, is_available) values (69, 4, 11, false);
insert into restaurant_table (restaurant_table_id, table_number, capacity, is_available) values (70, 6, 18, true);
insert into restaurant_table (restaurant_table_id, table_number, capacity, is_available) values (71, 3, 8, false);
insert into restaurant_table (restaurant_table_id, table_number, capacity, is_available) values (72, 7, 20, false);
insert into restaurant_table (restaurant_table_id, table_number, capacity, is_available) values (73, 8, 12, false);
insert into restaurant_table (restaurant_table_id, table_number, capacity, is_available) values (74, 7, 14, true);
insert into restaurant_table (restaurant_table_id, table_number, capacity, is_available) values (75, 9, 3, false);
insert into restaurant_table (restaurant_table_id, table_number, capacity, is_available) values (76, 1, 13, true);
insert into restaurant_table (restaurant_table_id, table_number, capacity, is_available) values (77, 9, 19, true);
insert into restaurant_table (restaurant_table_id, table_number, capacity, is_available) values (78, 10, 19, true);
insert into restaurant_table (restaurant_table_id, table_number, capacity, is_available) values (79, 1, 8, true);
insert into restaurant_table (restaurant_table_id, table_number, capacity, is_available) values (80, 3, 17, true);
insert into restaurant_table (restaurant_table_id, table_number, capacity, is_available) values (81, 2, 19, true);
insert into restaurant_table (restaurant_table_id, table_number, capacity, is_available) values (82, 8, 11, true);
insert into restaurant_table (restaurant_table_id, table_number, capacity, is_available) values (83, 4, 2, true);
insert into restaurant_table (restaurant_table_id, table_number, capacity, is_available) values (84, 8, 4, true);
insert into restaurant_table (restaurant_table_id, table_number, capacity, is_available) values (85, 8, 8, false);
insert into restaurant_table (restaurant_table_id, table_number, capacity, is_available) values (86, 5, 9, true);
insert into restaurant_table (restaurant_table_id, table_number, capacity, is_available) values (87, 8, 10, false);
insert into restaurant_table (restaurant_table_id, table_number, capacity, is_available) values (88, 4, 8, false);
insert into restaurant_table (restaurant_table_id, table_number, capacity, is_available) values (89, 3, 20, true);
insert into restaurant_table (restaurant_table_id, table_number, capacity, is_available) values (90, 9, 16, false);
insert into restaurant_table (restaurant_table_id, table_number, capacity, is_available) values (91, 5, 10, false);
insert into restaurant_table (restaurant_table_id, table_number, capacity, is_available) values (92, 9, 12, true);
insert into restaurant_table (restaurant_table_id, table_number, capacity, is_available) values (93, 5, 13, true);
insert into restaurant_table (restaurant_table_id, table_number, capacity, is_available) values (94, 6, 11, true);
insert into restaurant_table (restaurant_table_id, table_number, capacity, is_available) values (95, 9, 3, false);
insert into restaurant_table (restaurant_table_id, table_number, capacity, is_available) values (96, 10, 11, true);
insert into restaurant_table (restaurant_table_id, table_number, capacity, is_available) values (97, 5, 13, false);
insert into restaurant_table (restaurant_table_id, table_number, capacity, is_available) values (98, 10, 5, false);
insert into restaurant_table (restaurant_table_id, table_number, capacity, is_available) values (99, 2, 9, true);
insert into restaurant_table (restaurant_table_id, table_number, capacity, is_available) values (100, 6, 19, false);



insert into reservation (reservation_id, user_id, restaurant_table_id, reservation_time, num_people, status) values (1, 1, 1, '2024-11-26 15:24:17', 4, 'CANCELLED');
insert into reservation (reservation_id, user_id, restaurant_table_id, reservation_time, num_people, status) values (2, 2, 2, '2024-06-07 02:03:24', 5, 'PENDING');
insert into reservation (reservation_id, user_id, restaurant_table_id, reservation_time, num_people, status) values (3, 3, 3, '2025-01-15 11:07:04', 1, 'PENDING');
insert into reservation (reservation_id, user_id, restaurant_table_id, reservation_time, num_people, status) values (4, 4, 4, '2024-06-05 10:00:57', 5, 'CONFIRMED');
insert into reservation (reservation_id, user_id, restaurant_table_id, reservation_time, num_people, status) values (5, 5, 5, '2025-01-10 00:14:07', 4, 'PENDING');
insert into reservation (reservation_id, user_id, restaurant_table_id, reservation_time, num_people, status) values (6, 6, 6, '2024-04-16 12:51:38', 4, 'PENDING');
insert into reservation (reservation_id, user_id, restaurant_table_id, reservation_time, num_people, status) values (7, 7, 7, '2024-10-13 18:49:56', 6, 'CANCELLED');
insert into reservation (reservation_id, user_id, restaurant_table_id, reservation_time, num_people, status) values (8, 8, 8, '2024-03-19 23:50:51', 3, 'COMPLETED');
insert into reservation (reservation_id, user_id, restaurant_table_id, reservation_time, num_people, status) values (9, 9, 9, '2024-07-18 03:29:20', 2, 'PENDING');
insert into reservation (reservation_id, user_id, restaurant_table_id, reservation_time, num_people, status) values (10, 10, 10, '2024-02-11 12:39:25', 2, 'COMPLETED');
insert into reservation (reservation_id, user_id, restaurant_table_id, reservation_time, num_people, status) values (11, 11, 11, '2024-07-08 08:46:53', 5, 'CONFIRMED');
insert into reservation (reservation_id, user_id, restaurant_table_id, reservation_time, num_people, status) values (12, 12, 12, '2024-07-22 02:58:11', 3, 'PENDING');
insert into reservation (reservation_id, user_id, restaurant_table_id, reservation_time, num_people, status) values (13, 13, 13, '2025-01-30 23:16:00', 4, 'PENDING');
insert into reservation (reservation_id, user_id, restaurant_table_id, reservation_time, num_people, status) values (14, 14, 14, '2024-12-16 17:48:37', 3, 'CONFIRMED');
insert into reservation (reservation_id, user_id, restaurant_table_id, reservation_time, num_people, status) values (15, 15, 15, '2024-05-28 21:49:19', 1, 'CONFIRMED');
insert into reservation (reservation_id, user_id, restaurant_table_id, reservation_time, num_people, status) values (16, 16, 16, '2024-04-07 11:16:35', 1, 'CANCELLED');
insert into reservation (reservation_id, user_id, restaurant_table_id, reservation_time, num_people, status) values (17, 17, 17, '2024-07-27 07:04:59', 3, 'CANCELLED');
insert into reservation (reservation_id, user_id, restaurant_table_id, reservation_time, num_people, status) values (18, 18, 18, '2025-01-07 07:31:06', 4, 'CANCELLED');
insert into reservation (reservation_id, user_id, restaurant_table_id, reservation_time, num_people, status) values (19, 19, 19, '2024-04-26 07:37:18', 1, 'CONFIRMED');
insert into reservation (reservation_id, user_id, restaurant_table_id, reservation_time, num_people, status) values (20, 20, 20, '2024-12-09 15:08:43', 3, 'PENDING');
insert into reservation (reservation_id, user_id, restaurant_table_id, reservation_time, num_people, status) values (21, 21, 21, '2024-02-19 16:50:50', 4, 'COMPLETED');
insert into reservation (reservation_id, user_id, restaurant_table_id, reservation_time, num_people, status) values (22, 22, 22, '2024-12-24 22:55:56', 2, 'PENDING');
insert into reservation (reservation_id, user_id, restaurant_table_id, reservation_time, num_people, status) values (23, 23, 23, '2024-11-21 09:34:29', 1, 'CONFIRMED');
insert into reservation (reservation_id, user_id, restaurant_table_id, reservation_time, num_people, status) values (24, 24, 24, '2025-02-06 12:32:50', 2, 'CANCELLED');
insert into reservation (reservation_id, user_id, restaurant_table_id, reservation_time, num_people, status) values (25, 25, 25, '2024-06-20 21:24:04', 1, 'COMPLETED');
insert into reservation (reservation_id, user_id, restaurant_table_id, reservation_time, num_people, status) values (26, 26, 26, '2024-03-04 08:01:00', 4, 'PENDING');
insert into reservation (reservation_id, user_id, restaurant_table_id, reservation_time, num_people, status) values (27, 27, 27, '2024-09-20 08:40:25', 4, 'CANCELLED');
insert into reservation (reservation_id, user_id, restaurant_table_id, reservation_time, num_people, status) values (28, 28, 28, '2024-11-04 07:12:59', 6, 'PENDING');
insert into reservation (reservation_id, user_id, restaurant_table_id, reservation_time, num_people, status) values (29, 29, 29, '2025-01-03 07:10:38', 6, 'COMPLETED');
insert into reservation (reservation_id, user_id, restaurant_table_id, reservation_time, num_people, status) values (30, 30, 30, '2024-05-13 05:28:28', 1, 'COMPLETED');
insert into reservation (reservation_id, user_id, restaurant_table_id, reservation_time, num_people, status) values (31, 31, 31, '2024-05-31 16:20:00', 3, 'CANCELLED');
insert into reservation (reservation_id, user_id, restaurant_table_id, reservation_time, num_people, status) values (32, 32, 32, '2024-03-14 12:51:26', 6, 'CANCELLED');
insert into reservation (reservation_id, user_id, restaurant_table_id, reservation_time, num_people, status) values (33, 33, 33, '2024-11-03 05:17:00', 3, 'COMPLETED');
insert into reservation (reservation_id, user_id, restaurant_table_id, reservation_time, num_people, status) values (34, 34, 34, '2024-04-19 05:27:00', 5, 'CONFIRMED');
insert into reservation (reservation_id, user_id, restaurant_table_id, reservation_time, num_people, status) values (35, 35, 35, '2024-11-22 17:12:40', 4, 'CONFIRMED');
insert into reservation (reservation_id, user_id, restaurant_table_id, reservation_time, num_people, status) values (36, 36, 36, '2025-01-17 22:04:37', 5, 'COMPLETED');
insert into reservation (reservation_id, user_id, restaurant_table_id, reservation_time, num_people, status) values (37, 37, 37, '2024-10-17 08:17:41', 2, 'CANCELLED');
insert into reservation (reservation_id, user_id, restaurant_table_id, reservation_time, num_people, status) values (38, 38, 38, '2024-09-16 22:05:32', 6, 'CANCELLED');
insert into reservation (reservation_id, user_id, restaurant_table_id, reservation_time, num_people, status) values (39, 39, 39, '2024-05-01 19:58:18', 6, 'CANCELLED');
insert into reservation (reservation_id, user_id, restaurant_table_id, reservation_time, num_people, status) values (40, 40, 40, '2024-07-20 10:55:58', 4, 'COMPLETED');
insert into reservation (reservation_id, user_id, restaurant_table_id, reservation_time, num_people, status) values (41, 41, 41, '2024-05-02 06:05:16', 6, 'CONFIRMED');
insert into reservation (reservation_id, user_id, restaurant_table_id, reservation_time, num_people, status) values (42, 42, 42, '2025-02-07 11:22:01', 2, 'COMPLETED');
insert into reservation (reservation_id, user_id, restaurant_table_id, reservation_time, num_people, status) values (43, 43, 43, '2025-01-10 12:12:03', 1, 'CANCELLED');
insert into reservation (reservation_id, user_id, restaurant_table_id, reservation_time, num_people, status) values (44, 44, 44, '2024-11-21 18:50:10', 5, 'COMPLETED');
insert into reservation (reservation_id, user_id, restaurant_table_id, reservation_time, num_people, status) values (45, 45, 45, '2024-03-02 18:11:28', 2, 'CONFIRMED');
insert into reservation (reservation_id, user_id, restaurant_table_id, reservation_time, num_people, status) values (46, 46, 46, '2024-03-20 21:56:56', 4, 'COMPLETED');
insert into reservation (reservation_id, user_id, restaurant_table_id, reservation_time, num_people, status) values (47, 47, 47, '2024-04-16 10:09:52', 5, 'CONFIRMED');
insert into reservation (reservation_id, user_id, restaurant_table_id, reservation_time, num_people, status) values (48, 48, 48, '2024-04-18 06:29:12', 4, 'PENDING');
insert into reservation (reservation_id, user_id, restaurant_table_id, reservation_time, num_people, status) values (49, 49, 49, '2024-12-16 20:19:00', 1, 'CANCELLED');
insert into reservation (reservation_id, user_id, restaurant_table_id, reservation_time, num_people, status) values (50, 50, 50, '2024-03-19 17:02:33', 2, 'CONFIRMED');
insert into reservation (reservation_id, user_id, restaurant_table_id, reservation_time, num_people, status) values (51, 51, 51, '2024-04-24 19:35:20', 5, 'CONFIRMED');
insert into reservation (reservation_id, user_id, restaurant_table_id, reservation_time, num_people, status) values (52, 52, 52, '2025-01-13 14:50:34', 1, 'PENDING');
insert into reservation (reservation_id, user_id, restaurant_table_id, reservation_time, num_people, status) values (53, 53, 53, '2024-10-11 02:19:22', 3, 'COMPLETED');
insert into reservation (reservation_id, user_id, restaurant_table_id, reservation_time, num_people, status) values (54, 54, 54, '2024-07-20 16:32:40', 2, 'CANCELLED');
insert into reservation (reservation_id, user_id, restaurant_table_id, reservation_time, num_people, status) values (55, 55, 55, '2024-02-13 23:20:35', 5, 'CONFIRMED');
insert into reservation (reservation_id, user_id, restaurant_table_id, reservation_time, num_people, status) values (56, 56, 56, '2025-01-15 05:53:30', 3, 'CONFIRMED');
insert into reservation (reservation_id, user_id, restaurant_table_id, reservation_time, num_people, status) values (57, 57, 57, '2025-01-24 01:26:06', 5, 'CANCELLED');
insert into reservation (reservation_id, user_id, restaurant_table_id, reservation_time, num_people, status) values (58, 58, 58, '2024-05-11 06:40:05', 2, 'COMPLETED');
insert into reservation (reservation_id, user_id, restaurant_table_id, reservation_time, num_people, status) values (59, 59, 59, '2024-04-27 08:50:54', 2, 'PENDING');
insert into reservation (reservation_id, user_id, restaurant_table_id, reservation_time, num_people, status) values (60, 60, 60, '2024-06-05 07:06:01', 4, 'CANCELLED');
insert into reservation (reservation_id, user_id, restaurant_table_id, reservation_time, num_people, status) values (61, 61, 61, '2024-11-13 20:20:59', 5, 'CANCELLED');
insert into reservation (reservation_id, user_id, restaurant_table_id, reservation_time, num_people, status) values (62, 62, 62, '2024-07-31 13:30:47', 4, 'PENDING');
insert into reservation (reservation_id, user_id, restaurant_table_id, reservation_time, num_people, status) values (63, 63, 63, '2024-05-12 02:20:43', 6, 'PENDING');
insert into reservation (reservation_id, user_id, restaurant_table_id, reservation_time, num_people, status) values (64, 64, 64, '2024-12-06 21:27:20', 2, 'PENDING');
insert into reservation (reservation_id, user_id, restaurant_table_id, reservation_time, num_people, status) values (65, 65, 65, '2024-03-18 03:30:22', 1, 'PENDING');
insert into reservation (reservation_id, user_id, restaurant_table_id, reservation_time, num_people, status) values (66, 66, 66, '2024-09-10 07:01:37', 6, 'CONFIRMED');
insert into reservation (reservation_id, user_id, restaurant_table_id, reservation_time, num_people, status) values (67, 67, 67, '2025-02-04 18:21:05', 4, 'CANCELLED');
insert into reservation (reservation_id, user_id, restaurant_table_id, reservation_time, num_people, status) values (68, 68, 68, '2024-02-23 02:48:32', 1, 'CANCELLED');
insert into reservation (reservation_id, user_id, restaurant_table_id, reservation_time, num_people, status) values (69, 69, 69, '2024-05-22 08:39:54', 2, 'PENDING');
insert into reservation (reservation_id, user_id, restaurant_table_id, reservation_time, num_people, status) values (70, 70, 70, '2024-11-30 14:24:22', 4, 'CANCELLED');
insert into reservation (reservation_id, user_id, restaurant_table_id, reservation_time, num_people, status) values (71, 71, 71, '2024-02-13 17:07:14', 6, 'CANCELLED');
insert into reservation (reservation_id, user_id, restaurant_table_id, reservation_time, num_people, status) values (72, 72, 72, '2024-02-21 04:33:51', 2, 'PENDING');
insert into reservation (reservation_id, user_id, restaurant_table_id, reservation_time, num_people, status) values (73, 73, 73, '2024-10-29 17:41:28', 5, 'CANCELLED');
insert into reservation (reservation_id, user_id, restaurant_table_id, reservation_time, num_people, status) values (74, 74, 74, '2024-06-22 08:22:33', 1, 'COMPLETED');
insert into reservation (reservation_id, user_id, restaurant_table_id, reservation_time, num_people, status) values (75, 75, 75, '2024-12-26 18:58:42', 1, 'PENDING');
insert into reservation (reservation_id, user_id, restaurant_table_id, reservation_time, num_people, status) values (76, 76, 76, '2024-10-01 12:23:04', 1, 'COMPLETED');
insert into reservation (reservation_id, user_id, restaurant_table_id, reservation_time, num_people, status) values (77, 77, 77, '2025-02-03 19:30:10', 5, 'PENDING');
insert into reservation (reservation_id, user_id, restaurant_table_id, reservation_time, num_people, status) values (78, 78, 78, '2025-01-02 00:21:08', 2, 'CONFIRMED');
insert into reservation (reservation_id, user_id, restaurant_table_id, reservation_time, num_people, status) values (79, 79, 79, '2024-12-13 23:08:17', 2, 'COMPLETED');
insert into reservation (reservation_id, user_id, restaurant_table_id, reservation_time, num_people, status) values (80, 80, 80, '2024-11-24 16:55:58', 2, 'CANCELLED');
insert into reservation (reservation_id, user_id, restaurant_table_id, reservation_time, num_people, status) values (81, 81, 81, '2024-09-14 04:54:59', 2, 'PENDING');
insert into reservation (reservation_id, user_id, restaurant_table_id, reservation_time, num_people, status) values (82, 82, 82, '2025-01-22 08:49:44', 2, 'PENDING');
insert into reservation (reservation_id, user_id, restaurant_table_id, reservation_time, num_people, status) values (83, 83, 83, '2024-06-19 08:13:11', 5, 'CANCELLED');
insert into reservation (reservation_id, user_id, restaurant_table_id, reservation_time, num_people, status) values (84, 84, 84, '2024-08-06 17:00:07', 4, 'CANCELLED');
insert into reservation (reservation_id, user_id, restaurant_table_id, reservation_time, num_people, status) values (85, 85, 85, '2024-05-05 14:07:01', 4, 'COMPLETED');
insert into reservation (reservation_id, user_id, restaurant_table_id, reservation_time, num_people, status) values (86, 86, 86, '2024-08-11 15:00:43', 1, 'CANCELLED');
insert into reservation (reservation_id, user_id, restaurant_table_id, reservation_time, num_people, status) values (87, 87, 87, '2024-12-03 16:07:55', 5, 'COMPLETED');
insert into reservation (reservation_id, user_id, restaurant_table_id, reservation_time, num_people, status) values (88, 88, 88, '2024-08-17 07:58:31', 4, 'COMPLETED');
insert into reservation (reservation_id, user_id, restaurant_table_id, reservation_time, num_people, status) values (89, 89, 89, '2024-11-16 02:21:47', 6, 'CANCELLED');
insert into reservation (reservation_id, user_id, restaurant_table_id, reservation_time, num_people, status) values (90, 90, 90, '2024-03-14 08:27:53', 4, 'CONFIRMED');
insert into reservation (reservation_id, user_id, restaurant_table_id, reservation_time, num_people, status) values (91, 91, 91, '2024-04-05 01:55:13', 2, 'CONFIRMED');
insert into reservation (reservation_id, user_id, restaurant_table_id, reservation_time, num_people, status) values (92, 92, 92, '2024-10-04 11:00:24', 5, 'COMPLETED');
insert into reservation (reservation_id, user_id, restaurant_table_id, reservation_time, num_people, status) values (93, 93, 93, '2024-05-05 13:38:05', 2, 'PENDING');
insert into reservation (reservation_id, user_id, restaurant_table_id, reservation_time, num_people, status) values (94, 94, 94, '2024-12-21 08:39:35', 4, 'PENDING');
insert into reservation (reservation_id, user_id, restaurant_table_id, reservation_time, num_people, status) values (95, 95, 95, '2024-06-10 20:35:49', 3, 'COMPLETED');
insert into reservation (reservation_id, user_id, restaurant_table_id, reservation_time, num_people, status) values (96, 96, 96, '2024-03-30 17:35:00', 6, 'CONFIRMED');
insert into reservation (reservation_id, user_id, restaurant_table_id, reservation_time, num_people, status) values (97, 97, 97, '2024-08-05 18:25:14', 1, 'PENDING');
insert into reservation (reservation_id, user_id, restaurant_table_id, reservation_time, num_people, status) values (98, 98, 98, '2024-12-25 12:15:35', 1, 'PENDING');
insert into reservation (reservation_id, user_id, restaurant_table_id, reservation_time, num_people, status) values (99, 99, 99, '2024-11-05 12:00:37', 4, 'CANCELLED');
insert into reservation (reservation_id, user_id, restaurant_table_id, reservation_time, num_people, status) values (100, 100, 100, '2024-07-27 10:18:55', 5, 'COMPLETED');



insert into payment (payment_id, reservation_id, amount, payment_method, status) values (1, 1, 4.65, 'CREDIT_CARD', 'COMPLETED');
insert into payment (payment_id, reservation_id, amount, payment_method, status) values (2, 2, 8.42, 'CREDIT_CARD', 'PENDING');
insert into payment (payment_id, reservation_id, amount, payment_method, status) values (3, 3, 5.27, 'PAY_PAY', 'REFUNDED');
insert into payment (payment_id, reservation_id, amount, payment_method, status) values (4, 4, 2.4, 'PAY_PAY', 'COMPLETED');
insert into payment (payment_id, reservation_id, amount, payment_method, status) values (5, 5, 12.8, 'lINE_PAY', 'COMPLETED');
insert into payment (payment_id, reservation_id, amount, payment_method, status) values (6, 6, 8.55, 'CASH', 'COMPLETED');
insert into payment (payment_id, reservation_id, amount, payment_method, status) values (7, 7, 13.37, 'CREDIT_CARD', 'FAILED');
insert into payment (payment_id, reservation_id, amount, payment_method, status) values (8, 8, 8.65, 'CREDIT_CARD', 'FAILED');
insert into payment (payment_id, reservation_id, amount, payment_method, status) values (9, 9, 7.95, 'CASH', 'FAILED');